Student_ID,Attendance_Percentage,Study_Hours_Per_Day,Previous_Semester_Score,Mathematics_Marks,Physics_Marks,Chemistry_Marks,English_Marks,Programming_Marks,Final_Score
STU-1001,75.7,9.3,55.2,60.7,61.4,52.3,55.2,70.9,71
STU-1002,55.4,5.2,48.3,42.9,42,48.1,51.1,54.5,56.4
STU-1003,64.2,6.2,52.5,54.9,58.3,52.1,55.9,74.2,64.6
STU-1004,83.8,8,65.5,69.4,77.6,76.6,79.9,89.5,87.5
STU-1005,85.8,7.8,82,87,83.8,82.2,83.1,96.4,91.9
STU-1006,50,4.3,40,30,43.6,45.7,30,43.4,47.1
STU-1007,80.8,9.3,82.2,80.8,83.3,75.6,76.9,90.9,87
STU-1008,76,7.9,70.9,71,65.1,58,78.1,92.5,85.7
STU-1009,93.6,10,75.5,67,68.6,75.4,77.9,87.9,85.6
STU-1010,56.5,6.6,43.9,57.3,47.7,58.9,44.6,74,60.3
STU-1011,80.6,8.1,62.4,73.5,72.7,73,61.8,90.7,83.3
STU-1012,50.2,6.2,40,46.7,51.5,49.3,56.4,59.6,55.6
STU-1013,56.6,5.8,51.4,57.1,65.3,61.2,47.7,63.4,61.4
STU-1014,66.2,8.5,73.4,57.7,68.9,58.4,53,70.1,74.1
STU-1015,87.1,8.4,80.9,96.3,93,88.8,88.2,100,99.5
STU-1016,83.2,10,71.3,81.1,85.6,81.6,82.6,95.4,96.2
STU-1017,59.9,5,69.2,54.9,49.5,54,60.3,56.1,60.9
STU-1018,61.3,7.2,61.8,72.6,81.8,76.8,57.8,75.3,77.7
STU-1019,68.4,6.1,72.4,63,63.9,62.5,49.9,59.9,67.6
STU-1020,86.3,8.8,70.1,69.7,66.6,78.8,62.3,78.5,78.9
STU-1021,70,7.3,56.6,62.6,70.6,53.8,52,60,67.9
STU-1022,70.9,6.9,68.2,60,50,55,62.7,78,70.7
STU-1023,79.8,8.7,76.1,62,65.8,68.5,68.2,84.7,78.4
STU-1024,60.5,5.9,46.5,55.4,46.5,56.8,44.8,59.6,55
STU-1025,61.5,7.3,61.8,70,66.7,63.5,50.6,76.9,66.9
STU-1026,76.3,8.9,68,61.8,75.3,81.4,63.4,95,80.7
STU-1027,75.5,8.8,68.1,64.8,59.1,66.2,60.5,74.5,75.7
STU-1028,77.9,8.6,76.1,66,62.5,66.2,62.1,82.5,78.1
STU-1029,72,7.7,66.1,78.9,69.5,78.3,81.5,72.9,79.6
STU-1030,58.5,6.8,47.4,49.8,51.9,48.8,50.9,59.2,55.7
STU-1031,79.4,7.8,81.8,77.1,82.4,64.3,72.3,88.2,83.6
STU-1032,66.2,6.2,52.5,56.5,57.4,56.4,57.8,74.2,68.5
STU-1033,93.9,8.9,78.1,79.8,82.3,77.9,90.4,99.4,93.1
STU-1034,58.6,5.4,46.7,57.4,51.5,58.1,45.1,56,61.7
STU-1035,73.2,6,59.7,66.2,62.8,72.2,60.7,74.3,73.1
STU-1036,82.8,6.9,75.9,72.1,65.5,65.9,71.2,69.6,76
STU-1037,69.1,5.8,60.2,52.2,57.3,65.7,51.7,61.1,61.1
STU-1038,77.4,7.6,62.8,54.2,59.3,61.7,72.8,76.4,71.5
STU-1039,69.6,8.7,65.8,62.9,54.8,49.3,58.3,82.8,72.1
STU-1040,64.1,8.3,59.7,72,64.9,80,54.6,79.8,76.6
STU-1041,90.5,8.6,76.8,83.4,75.5,87.2,78.1,80.1,90.6
STU-1042,65,5.2,60.9,49.3,45.5,55.7,64.8,45.6,62.7
STU-1043,72.1,8,50.8,52.3,54.2,54.2,48.7,62.5,58.3
STU-1044,61.4,6.8,52.9,51.1,57,52.6,46.5,51.5,61.2
STU-1045,63,6.6,66.3,62.7,73.3,70.4,78.6,86,77.7
STU-1046,70.7,6.8,63.9,70.7,63.9,66.8,68.1,80.5,74.7
STU-1047,74.9,6.7,69.9,67,69.7,67.9,77.1,75.8,71.6
STU-1048,55.7,6.2,45.7,43.8,47.6,49.1,44.3,46.3,53.9
STU-1049,54.9,6.4,54.1,61.4,47.7,49,68,66.3,65.3
STU-1050,76.9,7.6,66.4,67.9,55.8,60.1,75.7,96.5,79.7
STU-1051,60.4,7.6,54.9,57.8,52.3,40.6,44.3,78.9,61.4
STU-1052,58.4,7,45.9,50.1,43,53.8,53.1,62.9,60.5
STU-1053,67.8,7.4,55.8,64.3,65.9,72.8,67.2,75.7,76.2
STU-1054,52.3,5.8,63.3,46.8,57.3,64.9,67.8,52.6,61
STU-1055,81.2,8.9,63.6,59.3,66.1,67.8,62.1,71.7,75
STU-1056,83.1,8.1,66.2,76.3,78.4,72.9,69.7,79,81.9
STU-1057,66.7,8,59.1,59,48.9,48,52.8,67.4,64.7
STU-1058,65.9,7.4,60.5,58.3,58.1,55.1,55.3,69.7,70.4
STU-1059,63.4,7,51.8,60.5,64.1,67.2,50,75.4,67.1
STU-1060,68.7,6.3,74.7,77.5,76.9,68.1,66.8,80.8,77.7
STU-1061,76.6,7.4,55.1,66.3,59,76.2,58.6,74.4,71.7
STU-1062,63.7,5.7,53.9,60.5,51.4,50.8,44,67.2,64.8
STU-1063,72.9,7,53.9,48.7,54.8,50.3,59.5,61.8,63.1
STU-1064,78,7.7,74.8,78.9,69.5,80.8,74.9,86.1,86.1
STU-1065,74.1,7.4,67.4,73.4,77.9,62.5,55.8,81.1,79.5
STU-1066,74.9,7.6,69.4,68.9,64.1,75.4,52.6,81.5,76.7
STU-1067,55.5,5.2,44.9,53.2,56.4,50.2,37.3,64,53.5
STU-1068,73,6.7,54,51.9,57.3,57.5,45.7,65.5,57.9
STU-1069,55.8,6.7,60.9,55.3,65.8,55.6,45.3,72.3,62.8
STU-1070,88.3,9.6,82.2,80.7,80,90.1,70.2,94,93.3
STU-1071,72.9,7.8,72.2,72.9,80.5,82.2,50.7,81.4,78.1
STU-1072,75.4,7.9,79.4,81.9,88.8,72.9,72.3,85.5,84.9
STU-1073,72.2,6.6,56.1,65.8,53.9,58.8,69.7,73.8,70.4
STU-1074,85,10,71.2,72.6,67.7,68.5,79.1,99.8,85.6
STU-1075,88.8,8,75.2,84.6,77.6,85.7,78.7,95.8,95.7
STU-1076,71.3,6.7,86.3,78.3,78.6,77.2,76.5,82.4,79.8
STU-1077,50,5,45.7,39.1,39.8,42.7,44.3,48.7,53.2
STU-1078,78,8.9,81.4,75.2,72.9,72.9,61.5,98.2,87.7
STU-1079,62.4,7.1,55,67.4,66.6,62.5,50.7,52.8,65.6
STU-1080,73,7.8,55.1,47.1,50.3,53.2,65.3,54.6,66.3
STU-1081,60.9,5.2,58.8,60.5,52.2,66.3,62.1,79,68.7
STU-1082,62.6,7.8,48.7,64.2,72.8,69.5,52.5,77.6,76.1
STU-1083,65.3,6.3,62.6,67,71.4,68,71.6,78.1,74.6
STU-1084,75.8,8.9,64,51.8,59.8,55.8,48.1,70.5,66.4
STU-1085,50.6,6.7,43.1,42.1,39.6,54.7,52.7,48.7,55.3
STU-1086,83.4,7.9,74.7,83.9,89.8,93.6,87.4,84.5,96.7
STU-1087,90.7,10,74.8,90.3,82.7,80.5,69.3,100,94.3
STU-1088,64.5,5.7,62,52.1,61.2,68.2,73.5,76.1,63
STU-1089,65.8,7.3,53.2,69.3,72.7,70.2,57.6,71.1,74.1
STU-1090,67.3,5.9,63,57.4,57.4,54.3,56.6,65.3,67.1
STU-1091,71.5,7.8,62.3,58.4,55.9,67.6,58.4,71.2,72.6
STU-1092,51.6,5.4,55.6,39.1,50.4,39.1,37.9,43.4,47.2
STU-1093,72.1,8.1,62.1,72.1,70.7,66,62.5,89.3,77.4
STU-1094,55.9,5.4,49.6,56.1,61.4,70.5,57.9,70.4,67.6
STU-1095,70.3,7.1,62.1,66.5,66.2,68.6,66.6,68.3,68.8
STU-1096,71.7,8,70.1,76.3,81.7,67.7,63.4,68.9,74.5
STU-1097,83.7,8.8,72.3,73.5,72.2,74.7,78.4,83,90
STU-1098,75.5,8.4,63.9,59.3,62.5,58.1,67.3,75.9,76.4
STU-1099,77.7,8.5,73.9,72.9,71.5,80.3,61.4,79.9,79.4
STU-1100,81.5,8.9,73,83.8,81.1,79.2,61.1,87.9,88.1
STU-1101,74.1,7.7,62.7,59.5,60.9,57,58.1,87.3,70.4
STU-1102,69.4,6.8,56.9,63.3,69.9,55.3,68.6,79.7,75.2
STU-1103,60.1,6.8,42.3,43.3,46.7,51.9,53.5,67.1,61.1
STU-1104,66.1,6.4,53.7,70.4,53.2,57.8,72,83.5,73
STU-1105,54.8,5.2,42,41.7,33.6,39.4,44.7,39.3,48.8
STU-1106,56.8,5.7,51.8,49.5,55.5,59.8,59.4,56.5,59.8
STU-1107,74.3,6.5,61.5,72.8,71.1,76,82.1,89.3,81.2
STU-1108,65.1,6.2,63.2,54,52,58.5,64.1,71.9,71.9
STU-1109,85.8,8.6,74.3,73,89.5,79.3,75.2,80.9,91
STU-1110,69.8,8.5,68.2,66.4,58.1,66.2,57.1,74.1,72.1
STU-1111,75.2,7.7,65.7,76.1,69.8,73,64.3,68.4,81.2
STU-1112,58.9,7.1,61.9,72,63.1,68.5,57.6,76.2,73
STU-1113,69.5,7.8,60.2,63.7,62.5,70.2,75.6,62.1,71
STU-1114,81.7,8.2,71.1,82,81.1,72.4,59.7,89.6,81.8
STU-1115,75.2,7.1,70.9,70.2,59.8,66,63.5,62.9,74.5
STU-1116,65,7.5,74.7,65.2,64,64.9,67.8,78.2,74.5
STU-1117,73.7,6.7,65.3,52.2,69,68.4,60.3,70.2,71
STU-1118,80.6,7.1,72.7,60.4,60.8,70.9,76,74.7,73.2
STU-1119,62.1,6.2,53.3,64.6,62.4,52.7,62.4,67.1,63.7
STU-1120,59.2,8.3,62.8,71.6,61.6,66.3,64.1,81.3,76.7
STU-1121,51.4,5.2,40,35.9,30,37,58.5,49.2,45
STU-1122,65.7,6.3,65.4,62.2,57.1,48.1,71,73.6,65.2
STU-1123,89.6,8.8,70,78.3,75.6,81.1,73.1,81.4,88
STU-1124,55.2,5.5,58.7,61.2,61.9,61.2,61.3,67.5,67.9
STU-1125,75.3,6.8,64.9,65.3,70.9,67.2,73.4,68.3,73.4
STU-1126,82.2,9.4,82.8,74.7,69.6,75.3,78.2,96.5,88.8
STU-1127,78,9.4,64.6,66.2,68.1,80.7,79.6,66.7,78.1
STU-1128,63.3,6.7,58.5,62.4,73.7,63.8,65,73.7,68.7
STU-1129,80.6,8.9,73.8,77.1,84.6,82.4,73.5,85.3,85.6
STU-1130,55.7,6.6,43.6,54.7,49.2,51,59.7,57.9,62.3
STU-1131,62.9,6.1,60.8,61.3,64.4,49.3,54.7,56.4,59.4
STU-1132,69.7,7.1,57.8,67.1,60.8,64.3,55,57.6,71.3
STU-1133,80.9,8.6,80,86.3,75,75.4,62.9,93.3,92.6
STU-1134,71.8,8,62,60.3,62.6,64.8,71.4,73.1,73
STU-1135,75,8.5,58.4,72.2,65,68,61.6,81.6,78.7
STU-1136,67.4,7.4,59,59.5,52.6,54.7,68.8,70.3,70.3
STU-1137,70.9,7.2,57.6,60.7,69,58.4,61.1,61.3,68.6
STU-1138,56.3,5.4,43,52.5,67.2,63,60.8,65.7,62.2
STU-1139,76.5,6.7,60.2,59.4,55.3,63.1,66.9,80.2,69.2
STU-1140,57.5,6.5,61.8,49.5,65.6,70.5,48.2,45.2,64.8
STU-1141,65.1,6.2,74,68.8,73.3,78.5,57.1,77.1,76.5
STU-1142,60.2,5.8,42.6,48,54,52.6,37.1,52.7,52.8
STU-1143,63.2,6.3,58.2,64.6,65.6,50.9,59.9,49.4,64.3
STU-1144,68.8,9,64.7,72.8,69,69.7,79.4,82.1,82.6
STU-1145,75.2,8.1,70.3,60.7,65,63.5,67,85,73.7
STU-1146,87.4,9.2,87.4,74.1,64,63.3,69.4,87.2,88.9
STU-1147,86.6,7.9,78.4,63.8,73,73.6,63.5,73.2,77.4
STU-1148,59.4,6,62.2,56.7,44,48.7,64.3,59.4,60.8
STU-1149,70.1,7.7,75.3,59.8,58.2,68.5,64.5,74.3,69.9
STU-1150,59.9,7.2,50.8,60.4,65.9,63.3,37.8,70.5,62.4
STU-1151,73.1,7,58,50.2,54.8,70.9,64.4,63.4,63.5
STU-1152,83.6,9.3,70.6,68.6,61.8,78,80.6,83,85.9
STU-1153,75,7.5,64.4,62.2,82.4,80.7,60.7,68.8,78.3
STU-1154,84.8,9,68.5,79.3,78.5,65.7,83.6,95.9,90.1
STU-1155,75.4,8.6,76.3,75.9,73.1,68.8,62,91.4,81.2
STU-1156,68.9,6.2,68.6,59.8,63.5,71.6,71,60.6,71.6
STU-1157,86.9,8.9,85.6,88.6,90,80.5,69.3,92.1,92.9
STU-1158,95,10,81,82.4,84.3,82.9,79.6,97.2,92.1
STU-1159,73.6,6.8,68.4,64,70.6,67.3,69.1,70.2,73.1
STU-1160,50,5.6,40,45.3,41.8,37.3,37.8,49.7,47.9
STU-1161,73.5,7.6,68.7,66.1,67.6,65.3,64.5,72.4,75.3
STU-1162,70.3,6.9,76.6,69,67,74.4,72.6,83.6,76.7
STU-1163,65.4,6.8,60.8,53.2,62.8,62.5,46.4,67.7,58.5
STU-1164,75.9,8.5,53.9,75.1,74.6,69.8,64.3,89.5,77.6
STU-1165,50,5.9,64.2,59.6,61.2,58.1,43.4,67.2,68.1
STU-1166,81.1,9,74.3,62.2,67.6,67,89.7,69.7,74.5
STU-1167,73.7,8.1,63.3,69.3,65,72.8,69.7,78.4,74.8
STU-1168,88,8.3,80.9,71.7,65,64.1,70.6,78.2,80.4
STU-1169,74.6,7.9,61.8,55.6,64,66,72,74.5,73.2
STU-1170,58.8,6.3,50.6,59.7,61.8,55.8,60.7,76.1,68.9
STU-1171,71.3,6.7,51,70.4,74.7,66.6,64.6,79.7,76.7
STU-1172,100,9.5,85.4,79.2,79.2,77.9,78.3,88.9,96
STU-1173,65.1,7.5,53.3,53.6,59.8,50.1,66.1,76.5,65.5
STU-1174,67.4,6.5,61,64.3,59.4,68.9,63.8,78.9,73.9
STU-1175,50,4.4,48.2,48,49.7,55.5,57.2,62.5,58.7
STU-1176,77.9,8.6,64.8,51.3,55.4,45.6,63.5,54.7,67.6
STU-1177,67.2,5.8,57.6,63.3,64.4,55.9,62.7,56.8,61.7
STU-1178,76.5,6.6,69.4,74.6,78.7,64.8,66,74,72.7
STU-1179,54.5,5.7,68.2,75,59.2,53,55.4,84.7,69.8
STU-1180,92.1,10,82.1,73.9,65.6,73.4,60.9,88.6,87.1
STU-1181,78,8.4,75.9,74.9,67.7,74.1,69.9,80.1,84.3
STU-1182,77.1,7.2,69.2,77.1,73,76.4,72,78.3,80.8
STU-1183,75.6,7.3,74.1,71.3,68.8,75.8,66.7,80.7,76
STU-1184,67,7,72.7,68.5,65.2,68.3,70.7,61.1,69.1
STU-1185,76.1,7.2,76.8,70.2,82.5,73.1,60.1,83.9,78.7
STU-1186,71,6.2,56.5,73.1,72.5,79.9,66.3,63.2,76.7
STU-1187,70.5,7.5,59.8,62.4,45.2,64,55.4,73.4,68.1
STU-1188,73.9,6.6,71.3,68.4,65.2,77.3,75.8,73.3,79.6
STU-1189,80.9,7,62.4,74.2,63.7,60.6,57.1,80.8,76.8
STU-1190,70.5,6.7,61.9,82.1,73.2,74.6,64.3,86.5,85.7
STU-1191,86.4,9.4,75.5,86.2,87.7,89.2,66.1,87.3,91
STU-1192,66.4,7.1,64.4,66.2,56.9,70.4,70.2,71.8,74.4
STU-1193,81.8,8.4,67.7,60.6,57.1,52,77.2,69,73
STU-1194,58.4,6.3,60.1,66.8,68.2,67.3,58,60.1,69.2
STU-1195,73,7.1,59.7,60.1,67.5,67.5,70.6,72.4,73.3
STU-1196,71.9,8.9,65,56,56.1,57.1,62.9,69.4,68.7
STU-1197,68.7,8.1,62.8,78,77.7,84.5,79.8,96.5,88.1
STU-1198,67.7,7.6,63.1,80.4,73.8,66.9,64,83,79.6
STU-1199,66.8,7.1,58.2,70.5,65.8,65.3,45.9,81.1,71.5
STU-1200,80.7,8.3,74.5,80,80.3,79.5,81.3,86.4,86.2
STU-1201,59,6.4,51.1,63.2,50.6,45.4,44.2,66.5,60.9
STU-1202,74.4,7.5,84.6,75.7,79.9,66.8,61.1,82.5,83.2
STU-1203,65.6,6,71.2,72.6,68.5,71.7,58.1,65.7,68.6
STU-1204,75.1,6.9,78.1,61.8,62.2,66,57.4,88.3,75.9
STU-1205,62.9,5.3,50.1,50.2,37.6,44.1,51.4,53.6,52.3
STU-1206,53,5.6,49.3,47.4,47.9,48.8,49.7,71,58.5
STU-1207,81.4,7.6,49.7,64,62.7,65.9,56.1,67,73
STU-1208,74,6.6,49.6,46.3,47.5,51.8,69.1,59.1,61.8
STU-1209,61,6,46.8,48,46.2,57.5,55.4,56,60.8
STU-1210,77.5,6.5,65.4,65.9,69.4,74.2,62.9,70.6,76.7
STU-1211,80,8.2,83,68,73.3,78.4,77,82.3,82.1
STU-1212,56,6.4,64.6,58.2,65.6,65.9,62.1,60.3,66.1
STU-1213,75,8.1,72.5,78.4,83.6,81,59.6,96.4,87.7
STU-1214,76.3,7.8,50.7,68.1,71.1,56.2,66.9,64.8,74.3
STU-1215,79.6,7.8,69.5,59.8,59.4,55.6,83.4,69.4,74.6
STU-1216,72.2,6,49,53.9,48,53.4,52.4,72.9,59.6
STU-1217,71.7,8.3,68.4,72.3,73.3,81.9,55,77.2,85.8
STU-1218,74.3,6.7,62.2,69.9,60.7,69.5,70.3,75.2,73.3
STU-1219,70.6,7.1,60.7,69.5,72.5,78.3,64.8,84.9,77.8
STU-1220,65.7,6.7,60,59.1,49.8,62.1,47.2,52.9,62.1
STU-1221,65.6,7.5,56.6,63.9,58.4,64.5,62.5,69.4,69.7
STU-1222,69.1,6.9,63.1,67.8,69.4,74.7,64.3,82.8,79.4
STU-1223,85.3,7.4,72.3,63.3,58,74.2,66.6,71.5,73.2
STU-1224,66.5,6.1,63.2,55.9,59.2,67.1,55.9,60.4,64.7
STU-1225,75.4,7.2,69.2,51.3,50.3,46.3,68.7,71.4,67.9
STU-1226,95.8,8.5,78.9,82.3,77.4,79.9,77.3,100,89.7
STU-1227,80.4,6.6,62.6,70.2,61.5,66.8,68.7,75.2,75.7
STU-1228,93.8,10,84.6,77,76.1,84.8,74.3,89,89.7
STU-1229,94.6,10,85.8,78.9,69.6,84.7,71,88.2,86.2
STU-1230,83.7,7.9,78.3,86.7,82.1,92.8,70.2,100,94.8
STU-1231,63.5,6.5,57.5,58.2,51.3,36.5,61.7,73.8,63.6
STU-1232,88.7,10,86.8,87.3,86.8,89.7,84.6,99.9,97.5
STU-1233,50.3,5.4,47.6,42.3,41.6,43.2,51.1,52,53.1
STU-1234,84.4,7.7,64.4,70.6,75.7,72.5,56.6,90.5,80.9
STU-1235,65,6.1,54.6,56.1,56.5,54.8,51.6,64.3,59.9
STU-1236,65.2,6,51.8,58.6,58,54.6,59.8,69.9,70.6
STU-1237,78.7,9.2,78.8,91.9,81.2,68.4,67.5,87.3,84.7
STU-1238,78.2,7.7,68.2,37.4,53.4,65.6,79.7,67.9,65.7
STU-1239,85.1,7.5,73.6,63,60.8,69.1,62.8,66.7,71.4
STU-1240,72.9,7.4,62,68,62.2,70,59,66.8,69.9
STU-1241,65.3,6.6,52.6,70.2,75.1,67.9,62.9,71.5,76.3
STU-1242,66.2,5.9,44.7,57.9,66.1,54.8,59.4,82.7,63.4
STU-1243,50,5.5,50.4,43,41.7,44.2,36.5,55.9,52.7
STU-1244,83,8.5,87.9,74.6,79.7,76.5,86.7,97.5,90.8
STU-1245,84.5,8.2,74.3,77.1,67.8,80.2,69.3,85.2,84.4
STU-1246,79.5,7.2,74.3,60,64.6,69.3,70.6,81.6,78.6
STU-1247,59,5.6,51.3,73.2,79.8,82.1,62.2,73.4,78.5
STU-1248,65.2,6.2,59,57.9,48.4,45,43.5,64.6,56.6
STU-1249,77.5,7,73.7,62.3,53.9,63.9,48.4,73.1,66.8
STU-1250,51.5,5.7,62.6,55.7,52.7,58.2,44.7,58.6,60.1
STU-1251,87.1,9.2,81.4,68,66.2,84.8,69.8,89,83.1
STU-1252,66.8,6.1,58.1,56.2,51.4,51.9,63,68.5,61.7
STU-1253,77.1,8,67.8,69.1,68.3,70.8,58.6,83.1,75.2
STU-1254,65.6,5.8,65.1,64.5,65.3,69,77,64.7,68
STU-1255,62,6.7,54.6,67.5,68.5,61.7,56.8,69.9,71.3
STU-1256,75.6,7.4,68.8,67.3,68.2,68.3,53.6,81.5,74.6
STU-1257,56.8,5.5,73,49.5,46.6,64.8,61.6,51.1,61.7
STU-1258,71.5,6.7,50.6,52.4,51.1,49.8,50.6,56.2,53.6
STU-1259,67.3,6.3,74.1,70.2,73.9,75.3,42,65.6,74.4
STU-1260,74.7,6.3,64,77.5,76.8,82.9,54.4,87.3,83.1
STU-1261,79.3,7.7,69.4,77.5,72,77.8,70.6,99.2,84.5
STU-1262,84.3,8.5,71.6,83.8,89.6,87,62.9,97.5,89.4
STU-1263,63.9,7.3,59.2,51.1,41.7,58.2,38.4,54.8,55.7
STU-1264,88.7,7.3,78.1,72.3,68.8,65.9,77.8,74.5,82.2
STU-1265,75.1,6.4,77.9,70.3,74.1,75.8,69.3,72.2,76.1
STU-1266,85,8.3,80.1,59.7,62.9,68.6,86,78.8,78.5
STU-1267,79.7,7.9,57.1,74.6,68.3,61.4,53.5,79.7,74.3
STU-1268,66.3,5.6,62.4,73.6,68.6,68.2,62.6,68.1,72.9
STU-1269,64.5,6.3,70.6,61.7,57,63.7,55.8,76.8,74.9
STU-1270,50,5.1,40,37.9,42.7,54,46.5,38.3,48.7
STU-1271,65.8,6.5,50.7,56.8,56.5,55.2,46.9,73.3,65.9
STU-1272,72.2,7.6,68.1,78.1,65.8,64.6,75.9,82.8,78.8
STU-1273,67.2,8,68,76.1,79.5,73.7,49.5,84.5,82.8
STU-1274,66.5,7,72.6,71.3,67.5,64.8,51.4,70.7,76.6
STU-1275,73.1,7.1,61.5,49.7,52.7,60.5,57.5,67.9,64.3
STU-1276,67.7,6.1,64.1,75.5,76.1,73.6,61.6,73.1,74.6
STU-1277,53,6.5,59.5,52,56.7,56.7,45.4,72,63.1
STU-1278,62.9,7.7,54.8,58.8,61.8,66.4,51.6,61.4,68.3
STU-1279,61.7,5.8,61.8,41.1,41.4,52.3,51.5,67.6,60.1
STU-1280,66.6,6.5,60.3,71.1,60.7,47.2,54.5,64.2,65.5
STU-1281,75.4,6.1,67.6,65.6,70.6,68.9,61,74.6,76.7
STU-1282,52.7,4.7,51.6,36.8,41.1,43.1,52.1,62.8,51.1
STU-1283,63.3,7.3,61.2,65.3,72.4,69.6,55.2,62.8,74
STU-1284,69.3,7.2,71.6,74.1,80.2,76.3,59.1,80,81.2
STU-1285,77.6,7.2,75.5,71.3,73.6,61.3,73.5,72.9,73.9
STU-1286,61.1,5.3,61.1,60.6,59.2,54.8,75.1,59.3,66.5
STU-1287,66.9,6.7,68.2,71.1,67.5,76.5,44.6,85.5,73.5
STU-1288,70.3,6.3,68.2,74.7,83,79,63.1,70.3,83.8
STU-1289,62.7,6.5,46.3,65.3,69.7,81.2,53.4,70.7,72.3
STU-1290,71,8,60.6,74.4,75,74.8,64.4,70.4,75.3
STU-1291,58.7,5.3,54.3,72,71.1,58.8,55.1,63.2,68.5
STU-1292,70.2,7.1,48.6,67.9,55.1,61.7,63.8,74.6,73.4
STU-1293,50,4.9,45,44.7,48.5,42.6,30,56.4,49.1
STU-1294,73.9,6.8,70.1,53.7,49.2,63.5,43.1,60,58.8
STU-1295,63,5.9,60.8,55.3,55.9,63.1,51.1,64.6,62.6
STU-1296,67.9,6.1,50.2,44.6,39.6,42.8,55.9,61.8,54.3
STU-1297,65.6,7.2,66.1,73.1,72.5,76.5,78,94.2,80.4
STU-1298,72,7.1,68.3,74.4,75.9,69.3,65.2,83.6,80.4
STU-1299,94.9,9.2,80.4,92.3,83.9,80,77.3,100,94.6
STU-1300,95.6,10,100,86.9,95.4,97.1,89.8,97.5,99.5
STU-1301,74.2,7,72,91.4,77.2,65.6,59.8,89.3,86.2
STU-1302,68.1,6.2,66.5,61.5,57.1,63.9,64.8,72.9,67.7
STU-1303,75.3,7.9,74.4,76.7,72.3,79.6,61.2,82.8,80.6
STU-1304,75,8.1,62.3,65.1,64.9,64.4,68.1,63.2,71
STU-1305,88.4,8.1,65.8,83.9,87,84.4,76.2,100,94.3
STU-1306,75.2,7.8,83.2,72.9,69.7,74.7,68.3,79.9,81
STU-1307,89.3,8.2,70.9,60.3,55.2,59,81.4,74.3,79.9
STU-1308,82.5,8,61.6,63.3,60.3,66.6,59.8,65.5,68.7
STU-1309,93.1,9.3,75.2,80.4,80.5,83.7,83.5,93.2,91.1
STU-1310,73.3,6.4,62,69.9,79,64,60.4,76.3,74.9
STU-1311,69.4,6.8,62.8,69.5,71.2,84.6,73.7,77.2,73.9
STU-1312,75.8,7.1,58.4,78.9,82.1,86.6,67.4,85.2,76.6
STU-1313,76.6,8.1,48.8,55.8,63.3,55.6,50.5,66.5,69.3
STU-1314,65.6,6.2,64,61.3,57.1,64.7,57.9,70.1,68.4
STU-1315,62.3,5.5,56.9,54.2,55.1,51.7,55.9,61.1,61.1
STU-1316,88.3,9.1,90.5,70.3,66.4,87.6,79.6,79.4,85.3
STU-1317,62.9,7,45.2,54.8,48.5,59,56.8,75.1,66.4
STU-1318,67.1,7.5,65,59.6,63.5,63.8,80.8,71.5,76
STU-1319,62.6,6.7,61.2,53.4,66.7,68.8,64.9,60.7,65.1
STU-1320,77.3,7.6,66.9,63.7,65,75.3,61.8,76.5,74.7
STU-1321,57.3,6.3,64,57.2,61.4,64.3,78.3,52.3,68.3
STU-1322,76.6,7.5,74.5,59.3,68.1,76.1,70.8,61.3,71.1
STU-1323,74.3,6.9,68.5,82.6,75.3,69.7,70.9,80.9,81.5
STU-1324,64,4.9,59.6,59.3,62.2,63.3,32.3,68.8,64
STU-1325,58.1,6.1,52.1,48.6,53.8,55.8,63.2,56.3,62.4
STU-1326,79.9,7.8,64.9,71.6,76.6,70.9,63.6,78.3,81.7
STU-1327,64.7,7.3,60.7,48,45.9,57,52.1,68.6,62.2
STU-1328,67.7,6.7,54.5,53,59.7,61.4,62.1,64.2,66.6
STU-1329,62.5,4.5,56.6,64.3,64.7,67.8,52.5,63.7,62.8
STU-1330,84,8.2,88.3,84.8,77.8,81,85.3,85.4,92.1
STU-1331,64.9,5.3,64.1,66,71.2,59.9,55.6,62.8,68
STU-1332,75.3,8.2,68.1,71.6,73.2,74.1,73,83.6,84.6
STU-1333,69.9,6.2,54.8,68.2,67.9,64,63.3,66.8,68.7
STU-1334,93.7,10,93,81.2,71,82.7,76.8,100,94.3
STU-1335,67.2,7.8,58.3,62.3,56.2,51.1,52.9,69,66.1
STU-1336,59.6,6.7,60.3,56.5,57.5,76.1,61.3,74.9,67
STU-1337,80.5,8.3,66.3,72.6,70.2,68.4,84.7,84.9,73.7
STU-1338,67.9,6.9,63.1,62.6,63.4,66.3,56,57.7,65.5
STU-1339,55.9,3.8,43.4,48.2,48.6,38.5,42.7,49.5,50.2
STU-1340,67.9,6,66.6,67.2,65.8,60.6,62.4,97.1,78.5
STU-1341,56.3,5.3,41.4,40,38.5,45.3,39.4,40.8,49.6
STU-1342,57.9,5.4,40,42.7,36.2,46.1,37.6,43.9,51.5
STU-1343,82,8.7,81.2,84.9,81.1,83.1,75.3,100,93.3
STU-1344,64.1,6.7,65.1,69.5,70.6,73.1,55.1,70.4,73.5
STU-1345,88.3,9.5,68.5,84,85.2,81.2,73.2,94.9,91.9
STU-1346,50.1,6.1,47.8,50.7,51.5,54.9,52,50.9,53.4
STU-1347,76.5,7.6,60.1,73.5,78.8,79.5,62.6,75.4,78.7
STU-1348,63.9,6.1,50.7,64.3,72.4,71.2,47.4,76.1,70.4
STU-1349,68.2,7.3,61.9,53.1,43.8,58.1,58.7,57.3,61.7
STU-1350,50.6,5,41.7,45.5,47.2,43.8,31.1,48.9,52.5
STU-1351,70.7,6.9,64.9,60.2,60,68.3,81.8,69.3,71.7
STU-1352,92.7,7.8,89.5,93.5,79.5,76.6,93.3,100,98.2
STU-1353,66.6,5.7,64,55.5,54.4,61.6,67.8,56.4,70.4
STU-1354,63.1,5.3,62.5,69.3,73.4,70.3,52.5,71,71.3
STU-1355,64.8,5.5,57.6,56.9,64.7,59.4,52.3,53.6,64.6
STU-1356,61.1,6.6,49.9,53.4,50.9,42.1,57.7,60.7,58.8
STU-1357,53.5,6.1,51.2,44,49.3,49,66,46.8,56.2
STU-1358,86.8,8.7,83.1,90.9,93.3,98.8,71.5,100,96.3
STU-1359,74.4,8,72.5,59.1,62.8,61.3,59.9,65.8,75.3
STU-1360,64.5,6.3,52.9,54.7,54.1,55.6,59.2,71.4,68.2
STU-1361,81,9,78.2,72.2,66.1,78.6,73.9,88.1,82.3
STU-1362,61.7,5.1,56.7,59.8,67.5,62.5,56.3,64.8,64.6
STU-1363,88.8,8.4,70.7,86.6,86.3,81,70.4,100,92.8
STU-1364,77.2,8.3,73.9,70.6,75.7,71.6,62,75.9,79.8
STU-1365,59.8,5.9,54.6,50.5,46.4,57.9,47.1,59.3,61
STU-1366,78.7,8,66.3,68.4,65.1,72.1,58.7,80.4,77.3
STU-1367,62.2,7,62.1,59.3,56.3,62.4,57.1,73.6,65
STU-1368,73,7.7,66.1,62.3,70.2,74.2,72,74,74
STU-1369,59,6.9,41.5,53.2,51.9,45.4,45.4,68.3,60.1
STU-1370,91.6,8.8,75,70.5,78.3,93.5,85.8,90.2,91
STU-1371,76.3,9,67.9,69,62.6,62.3,62,89.1,81.7
STU-1372,59.3,5.6,60.7,57.9,55.4,58.6,56,69.7,62.7
STU-1373,83.9,8.3,83,80,80.6,92.6,79.9,84,91.5
STU-1374,61.6,5.8,57.8,61.7,54.1,60.5,47.9,65.1,66
STU-1375,65.9,6.7,44.5,50.6,50.5,48.8,49.4,56,58.4
STU-1376,65.4,8,56,59.2,63.5,64.5,72.1,73.7,73.4
STU-1377,72.1,6.9,59,55.5,54.2,58.2,49.1,60.1,66.1
STU-1378,90.9,8.7,76.3,83.7,72.6,82.6,89.7,88,90.5
STU-1379,60,6.7,55.5,69,76.6,71.7,61.5,62.9,69.9
STU-1380,78.9,7.5,74.1,74.3,70,66.9,57.6,76,77.1
STU-1381,54.4,5.2,52.2,43.9,50.7,55.4,60.7,67.2,62.4
STU-1382,63.4,6.1,60.6,67.2,63.2,58.9,49.8,74.5,69.2
STU-1383,75,6.5,51.9,68.7,69.4,66.9,51.4,75.2,72.3
STU-1384,67.7,6.7,53.6,54.1,57.4,60.1,59.1,56.4,61.3
STU-1385,85.4,8.4,89.7,78.8,71.3,81.5,73.3,78.4,82.2
STU-1386,80.5,7.7,55,60.7,55.9,58.7,56.5,67.9,63.8
STU-1387,57.4,5.3,54,61.2,54.7,58.8,58.2,54.9,58.7
STU-1388,66.2,7.4,60.2,62.5,67.6,69.9,54.9,80.7,74.1
STU-1389,80.9,8.7,78.2,70.9,64.1,66.5,77.7,86.8,85
STU-1390,70.5,7.1,57.4,73.6,69.6,82.1,60.9,75.9,76.7
STU-1391,76.2,8.4,66.4,71.7,82.2,72.7,80.5,69.7,81.6
STU-1392,71.2,7.5,72,79.6,82.1,76.7,66.7,85.2,78.6
STU-1393,70.6,6.4,69.5,57.1,55.6,56.9,53.1,71.7,66.8
STU-1394,70,6.4,60.1,67.2,64.1,70.2,49.1,66.8,70.4
STU-1395,77.1,7.7,70.9,72.4,78.4,78.2,73.1,80.5,84.1
STU-1396,89.6,9.6,72.5,60.8,69.7,72.2,77.2,88.1,84.6
STU-1397,82.9,7.2,80.8,74.8,76.7,71.4,60.6,80.5,80
STU-1398,72.5,5.4,54.1,63.2,56.8,68,60.2,74.7,69
STU-1399,88.6,8.8,79.6,74.2,71.7,72.1,78.6,87.7,85.7
STU-1400,60.6,6.3,58,45.9,56.8,53.9,59.6,53.1,60.2
STU-1401,83.7,7.5,67.3,70.7,79.6,79,63.6,91.1,81.5
STU-1402,56.8,4.5,53.3,49.3,48.8,54.2,62.8,57.5,53
STU-1403,69.3,7.5,56.5,59.7,68.1,61.8,53.9,62.1,63.9
STU-1404,64.3,5.6,47.5,62.4,55.4,46.1,62.4,71.2,66.8
STU-1405,68.4,5.9,57.4,48.4,38.6,39.1,49.2,61.1,55.2
STU-1406,56.6,5.3,50.4,62.7,52.4,43.4,43.6,67.6,58
STU-1407,90.1,8.8,72.6,68.1,68.7,87.7,77.2,100,86.8
STU-1408,60.9,6.8,63,68.4,59.3,62.8,79.7,75.7,70.6
STU-1409,70.7,4.9,57.3,63.3,72.6,72.8,59.1,56,64.9
STU-1410,52.2,5.1,48.5,36.5,39.3,42.1,35.2,45.6,47.1
STU-1411,87.6,8,80.2,79.9,88.2,88.4,96.8,90.4,90.6
STU-1412,61,5.4,49.4,38.2,43.2,43.4,47.9,51.7,51.9
STU-1413,77.6,7.2,52.1,61.7,50.4,53.6,61.2,74.4,64.1
STU-1414,71.3,8.6,70.3,63.5,72.6,83.7,59.4,86.4,78.4
STU-1415,71.1,4.7,57.6,58.3,56.8,64.2,49.7,64.8,59.5
STU-1416,74.8,6.2,50.9,58.8,65.5,58.6,61.6,66.4,66.3
STU-1417,61.5,5.4,49.2,59.9,62,63.4,61.3,50.3,58.6
STU-1418,67.9,6.5,52.2,47.1,44.6,52.5,40.9,51.2,55.8
STU-1419,73.9,6.8,69.6,53.2,54.3,54.1,49.9,68.3,64.5
STU-1420,74.9,7,74.5,69.2,64.6,63.6,69.2,68.4,70.6
STU-1421,50,4.1,40,41.8,33.1,30,30,43.1,45.8
STU-1422,84.8,8.3,81.9,75.8,78.1,79.8,73.7,95.2,94.7
STU-1423,88.1,8.6,82.4,87.8,85.8,79.7,71.9,83.3,88
STU-1424,78.4,6.9,75.5,75.8,67.7,69.1,61.2,88.1,76.8
STU-1425,73.1,7.9,59.9,70.5,70,59.7,83.3,81.7,75.5
STU-1426,78.9,8,78.6,80.5,89.2,83.2,81.9,94.2,88.6
STU-1427,68.3,7.8,60,56.7,48.3,47.8,64.4,71.7,74.1
STU-1428,71,6.7,52.6,51.7,62.4,62.7,73.4,56.1,65.4
STU-1429,57.9,5.5,40,42.3,39.3,49.1,38.3,52.9,49.9
STU-1430,82.5,8.1,69.2,76.5,68,80.5,68.4,82.2,85.5
STU-1431,68.9,6.4,61.6,62,62.1,58.9,54.1,76.4,70
STU-1432,87.8,9.9,83.3,72.9,74.7,76.5,75.5,87.4,88.6
STU-1433,69.5,5.5,63.1,52.3,58.6,66,56.4,73.3,71.5
STU-1434,81.5,7.4,64.6,77.2,80.3,73.6,70.7,65.8,78.2
STU-1435,63.1,7.5,57.6,51.6,58.8,59.8,56.8,59.9,64.2
STU-1436,65,6.8,63.1,65.4,61.5,70.4,61.8,80.2,74.6
STU-1437,64.5,7.5,49.3,64.1,57.6,62.6,50.2,73.1,71
STU-1438,72.6,7.2,66.8,76.8,77.7,85.1,66.8,88.3,84
STU-1439,61.7,6.8,61.6,54.8,64.5,66.5,62.2,68.2,66
STU-1440,52.6,6,50.5,30,38.7,48.7,41.3,46.1,48
STU-1441,83.1,8.3,80,100,98,88.3,83.5,100,99.5
STU-1442,73.8,9.1,59.6,74.9,77.3,69.5,72.8,95.6,89.6
STU-1443,55,5.2,55.8,50.7,62.5,53.9,57.8,46.5,51.8
STU-1444,69.3,7.7,66.1,68.2,72.4,84.2,65.8,70.5,72.4
STU-1445,72.3,5.3,61,66.9,59.7,59.1,54.2,74.2,69.2
STU-1446,92.7,8.7,88.9,84.9,78.1,83.2,59.3,96,86.7
STU-1447,60.2,5.8,59.5,55.1,58.9,62.8,78.3,49.8,63.6
STU-1448,70.7,8.2,61.1,67.5,74.8,75.2,56,73.9,79.8
STU-1449,71.3,8.1,64.7,69.9,70.8,73.4,74.4,66.9,76.5
STU-1450,66,4.7,51.5,52.2,53,61.4,61.7,45.2,56.7
STU-1451,63.8,6.4,56.4,61.8,65.2,72.2,51.8,68.8,69.2
STU-1452,51,4.2,40,58.2,53,49.7,39.8,61.7,55.2
STU-1453,78.8,6.8,67.1,70,68.3,60.1,62.2,74.4,78.7
STU-1454,60,4.5,40,40.3,34.7,44.8,30.7,40.7,47
STU-1455,78.1,7.2,67.8,63,61,71,60.3,71.3,72
STU-1456,67.8,7.6,70.4,75.8,64.3,71.8,62.7,92.1,76.5
STU-1457,76.6,7.4,75.8,63.5,56.2,62.6,55.2,65.7,73
STU-1458,63.8,6.6,40,56.1,52,53.3,52.6,52.6,56.2
STU-1459,93.4,8.3,79.1,82.8,86.8,87.3,45.2,99.6,89.8
STU-1460,86.1,8,74.1,83.9,77.7,84.1,76.4,99.6,93.9
STU-1461,79.5,8.7,54.6,64.4,60.4,64.3,54.6,78.8,74.3
STU-1462,73.9,9.1,80.5,73.9,68.3,73.3,76,89,85.9
STU-1463,67.3,6.7,60.9,67.7,65.1,73,61.6,86.4,77
STU-1464,66.3,5.9,61.9,57,52.2,48.5,50.1,61.6,63.9
STU-1465,65.1,5.6,56.5,57.4,57.6,59.6,53,75.4,64.1
STU-1466,80.6,8.4,72.8,75,83.3,81.6,78.8,82.6,80.9
STU-1467,61,6.9,42.4,51,57,53,55,62.6,62.2
STU-1468,51,5.4,41.9,39.4,42.6,38.9,30,48.2,45.4
STU-1469,67.8,7,64.7,66.7,64.7,74.6,70.1,80.9,77
STU-1470,77.5,8.1,66.2,74.4,72.4,66.9,61.5,86.1,79
STU-1471,58.1,6.9,41.2,53.1,50.3,60.5,61,62.8,65.6
STU-1472,81.8,7,67.7,72.9,65.3,68.4,79.1,84.3,77.3
STU-1473,58.7,5.6,43.8,42.3,38.3,43.3,52.3,39.6,45
STU-1474,64,6.8,48.3,57.8,64.3,60.7,64.1,51.3,65.4
STU-1475,67.8,6.7,51.6,68.4,62.2,55.3,48.1,70,69.1
STU-1476,79.7,7.4,70.2,70.9,60.6,57.9,72.5,73.9,75.2
STU-1477,61.3,7.4,49.2,65,52.4,42,49,75,63.9
STU-1478,60.6,6.9,50.4,51.5,32.4,54.2,54.4,62.5,60.2
STU-1479,52.8,5.6,41.7,50.3,49.9,56.4,48,56.8,58.6
STU-1480,50,5.2,49.3,40,41.6,54.9,50.8,40.9,46.7
STU-1481,58.8,6.5,45.9,47.5,46.6,56,51.4,64.1,59.8
STU-1482,83.9,8.1,64.6,70.5,75.6,70.8,68.5,72.6,76.4
STU-1483,62.6,5.5,56.6,56.1,55.3,45.4,50.1,64.1,59.2
STU-1484,83,7.6,61,68.6,68.2,75.2,78.2,67.5,75.9
STU-1485,58.2,6.3,52.6,45.5,64.7,68.5,57.7,54.6,67.8
STU-1486,78,7.6,74.8,73,69.2,76.9,74,64.8,76.3
STU-1487,82.8,7.9,79.7,74,85.5,76.9,80.3,94,91
STU-1488,79.6,8.1,67.5,63,69.9,87.5,72.6,62.5,77.4
STU-1489,78.3,9.2,76.5,69.8,67.9,85.1,50.5,75.5,81.8
STU-1490,88.2,9.7,76.4,78.2,76.9,75.3,59.8,89.4,86.4
STU-1491,67.8,6.7,65.3,58.8,68.7,61.5,52.9,64.6,67.5
STU-1492,65.6,6.6,64.2,62.6,62.6,77.2,61,78.5,78
STU-1493,87.6,8.6,86.8,82.9,90.9,81.2,65,94.7,90.8
STU-1494,80.5,8.1,73.9,78.5,76.9,78.3,64.4,92.7,85.8
STU-1495,74.2,6.3,58.2,65.8,51.9,48.9,45.4,74.7,65.6
STU-1496,79,8.4,61.2,74.9,69.7,62.1,66.2,88.2,81.4
STU-1497,60.7,6.7,53.4,54.9,64.3,56.3,67.9,65.6,63.4
STU-1498,75,7.4,89.9,68,67.5,66,72.5,83.1,78.7
STU-1499,61,6.7,59,78.4,87.6,80.2,83.6,78.6,80.6
STU-1500,67.7,8.5,70.5,50.7,63.7,66.3,59.5,65.8,70.5
STU-1501,71,6.3,50.5,59.8,57.2,47.2,66.4,71.9,65.9
STU-1502,64.6,6.6,63.1,60.5,64.2,60.7,51.3,71.4,69.5
STU-1503,89.7,10,76.7,82.9,92.3,90,90.5,91.5,99.5
STU-1504,76.4,6.2,66.9,66.6,63.4,65.5,67.4,75.5,70.3
STU-1505,82,6.6,53.4,62.1,61,66.6,75.2,75.2,68
STU-1506,92.8,9.1,88.5,84.8,94.1,92.4,85.5,96.7,97.2
STU-1507,80.1,8.6,69.3,81.7,78.4,85.5,73.8,97.7,86.7
STU-1508,86.1,8.1,65.1,80.6,75.3,79.9,66.4,75.2,87.2
STU-1509,77.8,8.3,69,72,78.5,83.6,64.7,87.3,89.3
STU-1510,70,6,60.9,66.7,64,66.4,51.3,75.9,68.2
STU-1511,69,6.9,53.1,56.7,55.4,66.3,52.3,64.9,66.1
STU-1512,77.2,8.4,88.2,77.2,79.1,88.7,66,83.3,89.2
STU-1513,85.8,9.1,59.9,66.4,64.7,69.3,62.4,79.1,78.1
STU-1514,63.9,6.2,58.1,55.6,63.6,69.5,57.2,68.1,67.7
STU-1515,61,7.1,40.3,64,67.6,63.7,56.1,71.5,71.8
STU-1516,77.3,7.2,67.8,75.7,73.3,63.7,71.9,78.7,78.9
STU-1517,61.7,5,66.7,55.3,52.7,57.1,39.5,73.5,65.7
STU-1518,70.7,7.3,73.7,53.2,73,71.9,59.4,63.3,68.5
STU-1519,64.3,6.6,55.2,59.3,63.6,60.4,39.9,63.7,66.2
STU-1520,65.1,6.7,65.3,52.1,64.8,62.8,68,61.7,65.8
STU-1521,57.7,5.5,61.8,50.3,46.7,50.3,46.8,56.2,56.5
STU-1522,50,5,46.5,50.1,47.6,50.2,47.7,73.8,58
STU-1523,50,3.4,40,38.2,30,32.8,31,31.7,35
STU-1524,72.3,4.9,61.6,57.2,62.3,60.7,60.4,57.7,65.3
STU-1525,87,6.9,54.3,58.2,51.9,60.4,67.6,85.7,69.8
STU-1526,91.3,9.1,81,72.7,67.1,82.8,70.5,87.2,86.6
STU-1527,61.2,7.1,58.9,55.4,47,55.9,73.1,53.9,63.5
STU-1528,50,4.8,47.5,41.5,34.5,41.8,35.8,39.3,44.9
STU-1529,69.2,6.7,58.9,57.6,58.1,58.2,60,60.6,63.5
STU-1530,50.7,4.5,41.6,55.3,50.1,51.1,34.1,67.4,53.8
STU-1531,97,9.4,87.7,70.7,74.8,75.5,75.5,98.1,92.7
STU-1532,69.4,8.7,63.1,55.9,66.7,55.1,71.7,80,78.1
STU-1533,69.5,9.4,63.6,79.2,74.6,77.3,66.9,90.4,85.8
STU-1534,77.5,7.3,66,59.4,53.1,64.9,74,76,72.4
STU-1535,63.1,4.6,56.5,63.6,63.5,58.3,55.9,58.3,64.1
STU-1536,77.4,8.3,70.1,66.6,72.2,63.8,66.9,81.1,81
STU-1537,73.1,7.1,64,69.8,78.9,75.6,59.8,66.8,75.9
STU-1538,79.6,6.7,64.1,66.1,70.6,65.8,63.4,60.7,70.1
STU-1539,56,5.9,59.6,47.2,44.7,47.9,53.9,59.1,57.2
STU-1540,90.5,10,82.2,72.8,81.6,83,84.7,93.4,93.2
STU-1541,50,4.9,45.3,52.1,54.2,49,37.8,59.2,52.2
STU-1542,50,5,40,39.6,30,31.6,46.9,59.3,51.2
STU-1543,69.1,6.6,63.5,75.6,73.3,80.7,60.5,82.7,78.5
STU-1544,66.5,6.4,51,52.1,56.8,64.8,52.6,70.1,64.9
STU-1545,61.1,6.1,44.5,56.9,53.4,61,46.1,65.6,59.7
STU-1546,79.1,8.7,64.9,84,82.4,82.1,65.1,100,87.6
STU-1547,50,2.9,40,39.9,30.1,36.6,47.4,34.7,40.2
STU-1548,78.2,7,71.6,67.9,59.2,55.5,70.4,78.9,78.5
STU-1549,84.9,7.6,81,75.3,76.7,84.8,70.6,80.5,89.1
STU-1550,70.6,6.8,63.7,52,55.6,65.7,62.4,80.6,73.9
STU-1551,65.4,6.5,45,58.8,49.6,50.6,48.9,57.5,56.2
STU-1552,68.4,7.8,73.5,66.6,74.5,74.6,66.6,80.4,79.9
STU-1553,77.5,8.2,49.7,67.3,65.3,68.5,52.5,73.6,74.5
STU-1554,60.8,5.6,59.2,59.9,57.7,56.9,46.5,57.2,59.5
STU-1555,77.6,6.9,61.8,61.4,67.4,64.6,65.2,75.4,75.4
STU-1556,50,3.7,40,30,33.4,37.6,30,30,35.2
STU-1557,84.9,10,82.4,78.9,74.3,78.5,92.2,100,94.4
STU-1558,68.8,8.3,64.5,60.2,80.9,69,67.6,74.5,73.1
STU-1559,74.7,7,80.4,68.7,78,87.9,76.2,73.3,83.2
STU-1560,73.1,6.6,57.9,59.9,62,73.9,56.6,62.3,70.8
STU-1561,70.9,6.3,73.2,84.1,78.3,95.5,58.3,84.1,84.1
STU-1562,74.3,6.6,61.4,69,65.9,68.7,65.8,73.4,72.4
STU-1563,59.3,6.7,51.7,49,54.3,58.1,66.6,57.4,62.1
STU-1564,85.1,8.5,83.7,62.4,63.7,74.2,78.8,75.2,77.5
STU-1565,73.2,7.9,65,68.1,62,69.9,65.6,78.8,76.6
STU-1566,71.5,6.6,58.8,71,52.4,64,54.8,53.6,68.2
STU-1567,74.2,6.3,52.2,65.6,57.4,53.4,54.9,68.5,66.2
STU-1568,73.4,8,55.5,48.1,60.9,56.9,59.7,60.7,65.3
STU-1569,71.7,7.5,53,53.6,51.7,51.6,55.4,69.7,63.6
STU-1570,82.5,9.2,70.6,52.9,59.5,77.1,85.4,73.4,73
STU-1571,80.8,8.4,70.7,75.3,75.6,76,81.3,80.8,85.7
STU-1572,58.6,5.9,56.3,52.9,54.9,57.5,66.2,70.2,64.1
STU-1573,51.7,7,58.5,50.1,45.7,57.1,60.8,61.7,60.6
STU-1574,88.4,9.9,72.3,78.9,76.6,83.5,77.4,100,93.6
STU-1575,84.9,7.4,71.6,82.5,75.7,56.9,54.7,75.8,79.9
STU-1576,75.8,6.7,47.8,52.5,47.7,71.8,55.9,55.7,62.8
STU-1577,70.9,6.7,64.7,64.9,64.4,63.2,59.9,72.1,73
STU-1578,72.6,6.6,68.3,75.5,73.8,79.7,61.7,78.3,77.5
STU-1579,50,4.6,46.6,52.7,51,51.5,42.2,50.5,55.4
STU-1580,50.7,4.2,40,30,38.9,41.7,37.1,44.9,46.7
STU-1581,70.2,7.1,67.3,68,63.9,63.3,47.2,82.8,70.7
STU-1582,83.3,8,76.4,79.4,78.3,79.1,75.8,65.1,82
STU-1583,80.7,9.3,82.8,87.9,73.7,62,73,91.2,86.9
STU-1584,88.7,9.1,67.4,68.6,80.5,86,68.7,75,81.3
STU-1585,74.6,7.4,61.1,65,64.9,61.4,63.2,68.1,73.9
STU-1586,50,5.3,40,47.7,48.4,39.3,50.9,65.3,52.7
STU-1587,84,9.4,81.8,91.9,95.1,81.9,81,100,93.9
STU-1588,77.7,8.4,74.4,75,75,92.5,69.7,87.6,84.7
STU-1589,88.2,6.8,77.2,87.4,95.2,91.6,69.7,87.1,89.7
STU-1590,74.9,7.5,77,79.2,70.6,76.2,59.6,86.9,81.6
STU-1591,58.1,5.6,43.6,38.8,44.1,35.7,57.4,47,47.9
STU-1592,67.7,7,60.4,60.4,59.5,50.9,42.5,66.9,65.5
STU-1593,55.6,6.4,48.9,37.4,49,44.2,65.5,46.2,55.5
STU-1594,64.6,5.9,60.9,59.2,59.1,65.4,60.1,58.2,65.7
STU-1595,69.7,5.2,54.3,48.7,44.2,63.1,30,66.7,56.6
STU-1596,80.7,7.6,72.2,62.9,58.9,65.3,78.5,71.6,72.4
STU-1597,76.9,7.9,65.7,55.3,50.2,65.1,69.8,79.8,69.1
STU-1598,94.4,8.4,83.4,86.1,76.4,80,82.4,92.4,94.2
STU-1599,75.4,8.9,63.3,67.6,61.7,68.8,60,73,73.6
STU-1600,63.3,6.9,74.3,69.3,70.2,62.7,62.4,75.8,73.9
STU-1601,67.7,6.3,67.5,60,64.3,60.1,52.8,77.7,67.4
STU-1602,69.1,7.5,67.5,67,71.4,66,57.4,84.6,79.3
STU-1603,79,8.4,69.1,74.2,66.7,65.1,65.4,95.2,86.2
STU-1604,78.2,9.2,66.2,64.4,70.9,64.1,57.3,75.9,80.5
STU-1605,80.8,7.4,66.2,75.2,66.4,60,52.3,75.6,72.6
STU-1606,71.7,6.2,61.4,63.7,68.8,68.7,55.2,80.8,71.7
STU-1607,58,7.7,56.7,49.6,58.8,66.6,63.7,45.4,60.6
STU-1608,65.1,8.1,48.9,52.3,60.6,55.5,52,68.5,70.1
STU-1609,63.5,5.9,63.3,65.2,66.4,59.9,54.6,72.8,66
STU-1610,76.9,8.3,64.4,60.9,57.2,63.2,62.4,77.7,77.4
STU-1611,82.3,8.3,76.9,83.5,90.9,79.9,77.9,92.7,92.6
STU-1612,58.9,5,51.3,42.9,37,53.3,47.4,53.7,48.2
STU-1613,68.1,6,65.8,69.1,64.1,65.8,55.3,76.5,75
STU-1614,57.3,6.2,64.1,61.1,61.5,66.3,60.9,63.8,67.9
STU-1615,80.5,7.9,70.8,71.5,74.7,71.7,56.2,76.5,80.9
STU-1616,71.1,6.8,54.6,59.3,46,55.6,64.2,79.3,70.8
STU-1617,82.9,9.6,67.7,88.9,88.2,93.2,78.6,85.8,90.6
STU-1618,78,9.3,70.6,79.1,68.8,76.5,75.2,90.2,86.1
STU-1619,88.7,9.2,77.8,74.9,66.3,64.8,76.6,86.5,85.2
STU-1620,54.3,4.1,65.4,69.2,76.3,75.8,57.7,62.7,72.7
STU-1621,82.8,7.6,65.9,54.5,65.7,64.5,70.7,82.1,77.3
STU-1622,70.3,8.4,61.2,61.1,60.7,56.6,58.1,67.9,66
STU-1623,75.9,8,56.7,75.6,69.7,64,72.3,77.8,78.9
STU-1624,68.9,7.7,59.6,51.7,43.2,54.2,58.1,63.6,65.1
STU-1625,57,5.6,56.2,56.4,58.4,63.5,56.7,57.1,58.9
STU-1626,67.3,5.8,57.3,63.7,69.8,75.3,49.2,58.5,68.4
STU-1627,59.8,6.9,66.4,53.1,56,59,76.1,64.4,69.5
STU-1628,69.3,8,64.4,59.5,55.9,55.7,62.4,67.5,75.1
STU-1629,60.3,6.9,49.5,51.1,54.5,53.6,53.2,58.6,64.5
STU-1630,60.2,6.8,61.4,68.4,77.3,76.1,63.2,79,79.8
STU-1631,70.3,6.7,49.9,80,77.5,81.9,59.4,78.1,80.6
STU-1632,77.8,8.3,73.4,69.2,71.4,73.2,66.2,76.8,72.1
STU-1633,71.3,6.9,64.2,74.5,70,77.3,69.5,72.8,75.8
STU-1634,65.9,6.9,66.1,58.1,45.3,49.9,57.5,57.3,61.9
STU-1635,79.1,8.1,70.8,74.5,67.3,67.7,68.4,79.5,81.8
STU-1636,69.9,7.9,57.9,60.4,66.5,63.8,48.2,64.6,69.5
STU-1637,99.3,10,92,100,95.3,92.7,87.2,100,99.5
STU-1638,67.4,6.2,50.3,54.6,45.8,45.5,58.2,50.6,56.4
STU-1639,75.5,8.1,66.7,64.4,75.8,72.6,73.9,87.1,82.2
STU-1640,77.1,6.9,59.9,58.2,57.5,56.7,53.7,88.4,73.7
STU-1641,73.1,7.5,68.8,65.4,63.4,68.1,75,79,75.5
STU-1642,71.1,5.7,57.4,70.7,62.2,41.1,59,64.6,67.5
STU-1643,50,7,56.7,57.4,56.3,58.3,60.2,72.7,65.5
STU-1644,73.2,7.7,56.3,58.9,64.3,71.2,35.8,54.7,62.8
STU-1645,83.4,9.2,76.4,74.5,62.1,67.2,61.1,80.7,81
STU-1646,84.3,7.9,66.7,72.1,71.2,76.8,77.3,75.1,80.8
STU-1647,74.9,7.4,52.2,53.3,56.7,60.6,31.4,72.5,68.4
STU-1648,79.5,6.7,66.3,74,74.1,62,60.1,64.8,72.4
STU-1649,74,7.5,52.6,59.1,59.3,64.9,49.5,54.3,65.8
STU-1650,93.8,9,88.1,81.5,86.7,87.5,76.5,100,93.9
STU-1651,66.9,6.9,55.9,47,49.4,51.4,54.4,66.2,60.5
STU-1652,87.1,8.4,70.7,81.9,77.3,73.6,70.2,96.4,85.1
STU-1653,66.3,5.8,71.9,83.4,80.3,75.4,71.9,75.2,79.3
STU-1654,92.8,9.8,67.2,71.5,70.9,81.9,75.9,78.4,81.5
STU-1655,82.7,9,75,70.5,62.7,71.8,61.4,80.9,74.6
STU-1656,76.6,7.8,61.7,70.2,55.1,76,63.5,93.2,80
STU-1657,55.9,6.1,47.9,59.4,57.3,54.4,50.1,70,68.2
STU-1658,62.5,8.1,57,68.2,73.5,65.5,50.6,69,72.5
STU-1659,68.6,7.6,58.9,61.3,64.1,74.3,69.7,68.6,74.3
STU-1660,71.5,8.4,64.6,75.9,83.1,83.2,60.7,84.5,84.6
STU-1661,61,3.9,49.6,53.3,40.7,49.6,39.9,58.3,51.1
STU-1662,65,6.3,53,55.2,49.6,55.8,56.3,57.3,59.4
STU-1663,78.8,8,66.1,63.7,73.9,70,74.7,74.6,79
STU-1664,60.3,7.4,40,45.2,42.8,48.3,55.1,48.1,57.4
STU-1665,66.3,6.4,60.8,64.4,66.8,54.6,57.6,69.5,70.2
STU-1666,65.9,5.5,47.9,43.3,51.3,61,61.4,52.4,56.4
STU-1667,66.5,6.3,56.3,52.1,51.5,64.9,58.2,62.3,64
STU-1668,53.4,4.2,45.9,35.8,34.7,40.7,36.4,43.4,44.4
STU-1669,64.7,5.3,59.7,64.2,55,53.1,55.4,73.3,66.1
STU-1670,68,6.7,63,65.8,61.8,66.7,61.1,73.4,73.4
STU-1671,93.4,10,82.6,88.5,91.4,78.2,73.1,100,97.1
STU-1672,78.7,7.8,72.7,56.1,62.4,54,62.7,79.3,70.4
STU-1673,62.4,5.7,54.2,71.9,76.5,79.6,57.4,74.8,77.3
STU-1674,75.1,7.9,70.3,64.9,60.4,72.6,63,91,81
STU-1675,75.5,8.5,74.9,62.1,56.4,72.1,64.5,88.7,79
STU-1676,76.4,6.8,48.3,62.9,64,67.1,73.9,65.9,75.8
STU-1677,85,8.3,73.2,80,67.1,85.8,58.4,79.2,81.7
STU-1678,77.4,8.8,67.9,60.5,70.7,75.1,77.4,79.5,79.3
STU-1679,55.7,5.5,43.9,41.4,46.9,39.7,54.6,60.5,52.4
STU-1680,62.1,6.4,61.5,70.4,67.2,59.5,50.4,76.2,70
STU-1681,76.8,7,63.8,68.6,65.2,69.2,59.5,81.2,72.9
STU-1682,63.2,5.7,61.8,53.1,61.1,53.9,62,63.3,64.9
STU-1683,80.3,7.3,63.7,61.1,64.8,69.2,62.7,70.8,67.3
STU-1684,72.7,6.5,59.6,55.7,59.6,59.7,51.5,67.7,66.6
STU-1685,62.9,6,63.7,45,46.1,50.3,57.3,45.9,58.2
STU-1686,93.7,9.4,85.7,100,93.3,92.3,80.3,100,99.5
STU-1687,80.9,7.7,64.2,60.2,61.3,56.7,57.3,73.5,70.3
STU-1688,68.5,7.5,48.7,71.6,74.9,76.2,63.2,87,79
STU-1689,62.8,7.5,53.8,56.9,47.1,55.1,47,79.4,65.8
STU-1690,64.9,7.2,65.3,60.5,61.5,56.9,61.1,70.6,67.5
STU-1691,76,7.6,64.5,70,75.5,79.5,66,75.4,77.8
STU-1692,84.2,8.6,79.1,80.3,79.1,68.6,80.8,99.6,88.9
STU-1693,84.7,8.3,76.4,77.7,78.9,78.6,70.9,81.7,81.5
STU-1694,81.9,7.5,70.2,68.4,76.3,68.1,76.8,68.5,77.9
STU-1695,61.9,6.9,62.9,66.1,62.6,58.3,60.5,82.9,72.2
STU-1696,54.6,5.7,50.9,49.6,47,57.8,46.4,71.9,61
STU-1697,72.1,6.2,66.7,74.5,70.4,60.4,44.6,78.1,66.4
STU-1698,79.3,9.3,83.2,74.2,73.4,66.6,74.2,89.9,85
STU-1699,72.4,6.8,60.1,55.9,54.1,52.3,54.8,65.2,64.5
STU-1700,74.7,7.2,71.4,70.6,74.2,76.4,61.6,78.4,78.7
STU-1701,54.7,4.9,40,41.7,42.2,44.4,44.2,59.8,53.9
STU-1702,74.6,7.9,80.7,78,66.4,77.1,65.6,84,82.6
STU-1703,72.6,7.1,55.9,57.1,67.6,62.8,59.2,66.7,63.1
STU-1704,65.8,7.3,71.7,57.9,73.1,71.8,58.9,70.3,71.9
STU-1705,70.1,7.1,56.8,61.4,66.6,71.3,52,72.3,70.2
STU-1706,72.3,7.6,62.8,72.2,69,68.4,44.1,75,74.2
STU-1707,68.9,7.9,54.6,53.6,53.7,47.7,57.3,71.5,67.1
STU-1708,68.7,7.7,61.7,67.6,65.9,62,68.2,82.5,76.9
STU-1709,78.4,7.8,63.8,67,60,62.4,58.4,70.4,75.8
STU-1710,60,5.2,48.7,49.7,59.6,57.2,56.9,64,64.7
STU-1711,70.5,6.2,69,66.7,70.6,68,57.6,85,74.8
STU-1712,50.7,5.6,58.9,51.9,45.7,46.9,58.5,66.2,57.1
STU-1713,63.8,6.2,66.3,64.5,66.8,54.7,62.7,60.3,69.2
STU-1714,58.2,6,46.3,44.6,49.5,43.7,49.7,58.2,54.1
STU-1715,81.1,8.9,46.3,71.1,66.3,63.9,70.2,68.6,67.2
STU-1716,76.5,8.2,67.1,62,67.1,71.7,56.8,80.9,74.7
STU-1717,79.8,8.4,57.7,59.8,71.5,77.9,57.4,73.5,75.2
STU-1718,75.7,8.2,61.1,59.3,68.6,65.8,60.4,65.6,72.7
STU-1719,67.1,6.4,57.7,72.8,73.6,76.2,58.9,77,76.2
STU-1720,64.5,5.4,51.9,51.2,52.6,58.3,56.7,57,62
STU-1721,62.6,7.3,62.8,52.6,61.1,58,53.3,71.4,64.2
STU-1722,75.6,7,79.1,75.6,69.9,69.3,71.7,89,80.2
STU-1723,77.8,8.7,74.2,59.4,68.2,62.3,66,82.2,74.1
STU-1724,64.3,6.2,60.8,57.5,57.9,60.6,64.5,70.4,65.9
STU-1725,88.4,9,71.1,91.9,92.6,80.8,83.4,100,93.4
STU-1726,75.7,8.9,76.6,82.1,84.6,69.5,70.9,100,89
STU-1727,67,5.7,64.3,70.3,66.2,49,71.6,69.1,66
STU-1728,61.6,6.8,58.4,66.4,63.9,70.5,69.7,71.8,69.6
STU-1729,60.7,6.3,60.3,63.5,63.9,68,40.1,76.9,70.6
STU-1730,73.7,7.5,65.9,68.5,73.2,73.3,78.2,66.4,76.5
STU-1731,50,3.9,49.6,46.7,56.6,62.8,45.4,57.1,59.3
STU-1732,79.7,8.3,67.2,70.3,72.5,78.8,62.1,100,82.6
STU-1733,73.3,7,54.8,71.5,50.9,68.6,67.9,72.4,71.7
STU-1734,82,9.5,67.9,92.4,85.6,89.1,77.3,98.2,96.6
STU-1735,70.8,7.8,65.1,56.8,61.1,70.8,51.7,71,73.5
STU-1736,71.1,7.6,69.8,49.6,58.5,64,48.4,71.9,66.4
STU-1737,61.8,5.8,44.4,46,45,47.2,46.3,51.2,52.1
STU-1738,65.2,5.5,59.6,63.7,63.5,50.5,40.7,71.7,64.6
STU-1739,64.4,6,71,49.3,53.1,53.9,57.1,53.9,60.9
STU-1740,57.8,6.3,54.7,58.3,50.4,46.7,48.9,58,54.7
STU-1741,69.8,6.4,66.2,71.1,67.6,69.5,65.3,79.2,75.4
STU-1742,66.6,6.3,57.4,51.9,61.6,54,56,73.1,68.1
STU-1743,56.3,7.2,52.2,56.2,45.9,50.1,57.8,74.9,63.2
STU-1744,67.6,7.3,61.4,53.3,52.5,54.5,35,62,64.2
STU-1745,69.4,7.3,62.7,60.3,65.2,73.1,67.9,72.5,74
STU-1746,74,7.6,66.9,69.1,68,68.5,71.6,76.1,75.8
STU-1747,65.7,5.8,41.9,46.5,52.4,58.6,49.4,54.3,56.6
STU-1748,75.1,7.7,62.1,71,71.8,72.3,70.8,82.5,78.7
STU-1749,71.9,7.9,63,56.8,66.4,65.5,63.6,73,73.1
STU-1750,77,7.4,63.5,56,56.9,61.3,62.6,72.8,67.2
STU-1751,85.1,9.2,76.5,77.9,75.9,74.8,65.6,86.3,90.3
STU-1752,69.1,6.1,56.6,58.5,56.7,62.8,50.9,72.9,64.2
STU-1753,71.4,6.3,49,57.1,55.5,50.1,52.8,63.9,63.8
STU-1754,73.3,8.7,72,66.1,61,67.6,71,73.3,76
STU-1755,69.8,7.1,51.3,57.1,65,60.6,54.5,61.2,64.3
STU-1756,63.5,5.8,57,56.3,62.1,41.6,52.5,56.5,61.6
STU-1757,98.9,10,93.1,100,83.4,89.9,100,100,99.5
STU-1758,84,6.7,71.8,72.9,74.5,75.7,85.7,73.6,82.1
STU-1759,67.3,6.5,54.6,65.1,54,56.7,55.1,62.9,69.3
STU-1760,91.5,9.6,90.1,89.8,79.8,84.5,70.7,100,95.4
STU-1761,62.8,6.8,50.3,54,53,48.7,52.9,51.1,53.5
STU-1762,50,6.1,40,44,41.5,50.3,46.9,57.4,52.7
STU-1763,61.3,6.7,56.6,65.8,50.2,50.9,65.6,79,65.6
STU-1764,69.2,7.5,81.2,74.1,80.7,80.6,81.2,78.7,80
STU-1765,73.5,6.4,59.4,42.4,46,57.4,57,59.6,60
STU-1766,58.4,6,63.8,46.3,52.4,57.7,56.1,62.6,59.9
STU-1767,56.7,5.9,49.1,51.3,61.1,52,79.2,62.8,64.5
STU-1768,84.5,7,82.4,85.9,79.2,83.3,74.7,89.9,88.3
STU-1769,69.9,7.9,72.7,71.5,67.2,67.2,68.9,84.3,78.6
STU-1770,80.2,7,72.2,70.6,70.3,70.4,58,81.9,75.5
STU-1771,66.9,6.6,71.8,57,59.8,65.1,45.1,57.9,65.1
STU-1772,67.2,6,54.5,43.6,52.3,57.5,60.9,68.8,61.9
STU-1773,66.4,7.1,52.1,49,51.7,56.5,50.3,62.4,60.3
STU-1774,57.8,4.8,43.8,55.7,53.1,54,43.7,43.7,49.5
STU-1775,77.1,7.5,69,75.1,69.7,65.2,51.1,84.3,78.1
STU-1776,71,7.1,56.7,67.1,58.8,59.8,54.1,72.9,67.5
STU-1777,67.8,7.3,55.4,54.6,68.3,74.6,70.5,69.1,66.3
STU-1778,70.8,7.9,57,53.4,48,45.9,66.9,71.9,65.2
STU-1779,67.1,7.9,61.1,58.1,63,65.9,51.9,61.6,71
STU-1780,82.2,7.1,79.2,79.2,75.7,78.6,61.7,87.7,83.8
STU-1781,75.3,6.7,61,62.6,70.6,70.4,61.2,60.4,69.1
STU-1782,56.6,7.6,52.6,66.4,74.5,66.2,48.7,79,69.5
STU-1783,66.5,6.2,45.9,39.4,34.5,40.3,54,61.4,51.2
STU-1784,70.1,7.8,57.9,60.9,50.8,59.1,68.5,63.2,69.3
STU-1785,60.2,4.8,53.8,58.2,47.2,69.1,46.3,61.4,59.8
STU-1786,70.2,7.8,66,64.7,68.4,56.6,61.6,71.5,71.3
STU-1787,69,7.1,46.1,49.3,52.6,50.8,54.5,55,55.7
STU-1788,69.9,6.8,49.5,58.3,67.6,60.7,56.2,76.6,71.2
STU-1789,78.7,8.3,75.5,71.9,69.6,68,75.5,83,79.9
STU-1790,53.3,5.9,40,58.9,60.6,64.8,46.8,73.6,60.1
STU-1791,75.1,8.9,71.5,60.5,74.1,73.8,70.2,74.9,77.3
STU-1792,85.8,8.6,67.9,68.1,73.7,66.9,62.9,77.1,78
STU-1793,73,8.6,56.8,71.9,62,61.6,45.3,86.5,75.9
STU-1794,61.2,6,56.4,56.5,65.9,64.9,56.2,70.9,64.2
STU-1795,68.7,7.1,53.5,52,53.8,61.4,51.9,74.3,64.4
STU-1796,84.7,7.5,79.5,61.9,81.7,83.5,79.4,81.5,84.7
STU-1797,74.2,8.7,72.3,72.7,67.5,63.3,66.3,92,83.7
STU-1798,63.8,5.6,73.6,69.2,70.7,70.9,61.5,80.8,71.6
STU-1799,87,9.1,75.6,66.8,70.6,85.2,71.6,72.8,83.8
STU-1800,74.9,6.7,71.2,76,66.7,80.8,58.5,64.7,79.1
STU-1801,66.3,5.5,61.1,58.1,64.5,56.2,62.2,63.6,66.5
STU-1802,63.5,6.7,45.5,43.3,52.2,59.6,45,60.8,60.8
STU-1803,73.4,8.2,64.9,48.6,56.6,66,54.1,77,69.3
STU-1804,77.6,10,79.1,72.2,70.4,72.5,73.3,81.5,85.2
STU-1805,90.4,8.3,74.6,71.6,71.3,83.4,69.9,84.7,85.5
STU-1806,80.1,7.4,56.4,74.7,71.4,63,54.7,85.3,80.1
STU-1807,71.5,7.1,62.7,72.3,64.8,59.4,62.2,81,72.5
STU-1808,58,6.1,44.7,50.5,52,48.1,50.7,72.8,60.8
STU-1809,92.3,9,89.8,100,100,98.8,79.6,94.5,99.5
STU-1810,79.7,8.5,81.8,69.1,76.5,71.5,70.5,80.5,81.1
STU-1811,79.9,8.7,65.7,65.5,59.8,58.9,60.4,82.5,74.6
STU-1812,92.8,9.2,67,81.7,81.5,87.1,84.6,100,91.9
STU-1813,59.1,6.2,48.2,54.4,60.8,54,50,72.4,66.7
STU-1814,75.2,7.4,69.5,78.6,84.7,73.9,68.1,91.7,86.2
STU-1815,62.7,6.6,53.9,53.4,42.4,48,45.1,54.6,59.3
STU-1816,71.1,7,53.5,78.2,68.7,69.7,58.3,79.3,75.9
STU-1817,73.4,6.5,66.9,72.7,81.2,76,69.8,74,76.8
STU-1818,50,4.1,40,30.3,31.7,30,30,40.7,38.5
STU-1819,77.3,8,65.6,75.4,79.7,70.3,63.9,83.2,83.3
STU-1820,63.5,6.4,51.2,48,55.6,55,38,50.9,55
STU-1821,95.5,9.1,83.6,69.2,64.6,70.1,72.7,81.2,84
STU-1822,54,6.7,53.9,56.3,53.6,54.8,48.9,58.6,61.6
STU-1823,74.3,7.9,63.1,74.9,78.7,83.1,64,92.9,86.9
STU-1824,62.4,7.7,49.1,51.8,50.2,57.8,54,64.7,64.1
STU-1825,61.1,8.5,46.5,59.8,65,58.8,60.6,64.2,67.3
STU-1826,61.6,6.5,47.6,57.5,54.8,59.8,59.9,64.9,61.1
STU-1827,61.9,5.8,46.7,56.2,44.4,50.1,57.8,64.7,61.8
STU-1828,75.1,7.8,54.1,64.9,65.7,66.5,66.5,78.2,70.3
STU-1829,84.1,7.6,68.9,85.4,86.4,84.6,52.3,81.6,84.3
STU-1830,71.2,5.9,54.7,67,55.4,54.5,42.4,75.1,67.9
STU-1831,62,5.3,53.5,50.7,41.8,42,44.6,54.2,54.3
STU-1832,61.9,5.7,52.3,59.9,56.8,51.4,41.9,65.4,61.5
STU-1833,88.3,9.3,73.5,63.8,59.5,73.3,71.5,88.7,80.7
STU-1834,62.2,6.8,57.7,57.7,50.6,57.6,65.5,71.4,64.3
STU-1835,77.8,6.8,66.6,66.6,59.4,73.5,77.1,70.9,71.1
STU-1836,60.7,5.6,56.8,52.4,59.9,62.1,48.9,73.9,64.6
STU-1837,57.9,5.5,50.6,57.3,63.7,48.9,36.6,64,57.7
STU-1838,50,4,40,37.8,30,32.3,32.7,38.7,42.2
STU-1839,81.5,7.8,74.2,70.6,63.5,69.8,74.7,75.4,81.7
STU-1840,59.4,5.2,64.6,74.4,68.4,70,57.6,69,75.5
STU-1841,65.7,7.1,67.5,68.1,68.7,71.9,49.4,74.8,73
STU-1842,91.1,9,79.9,64.1,68.9,82.8,65.3,81.9,84.5
STU-1843,78.1,8.8,72.4,74.1,77.9,74,68.7,89.2,83.3
STU-1844,70.1,9,66.9,68.8,75.5,77.9,73.6,88.1,81.3
STU-1845,59.1,6.6,46.4,46.4,38.3,49.1,48.9,49,50.1
STU-1846,65.7,7.8,59.5,58.4,52.8,42,71.3,76.5,69.9
STU-1847,69,7,62.8,61.5,59,48,54.6,62.6,61.6
STU-1848,50,5.2,40,44.3,51.5,44.6,42.3,58.9,56.4
STU-1849,51.7,5.3,40.4,36,55.5,53.7,40.5,30,44.3
STU-1850,83.9,9.5,78.3,66.9,78.4,72.1,64.3,98.3,83.4
STU-1851,75,8,72.7,69.4,70.4,81.1,78.9,83.7,80
STU-1852,92.9,10,93.5,90.3,96.9,100,78.6,100,99.3
STU-1853,57.3,5.6,59.5,66.9,65.8,64.1,50.9,70.7,72.4
STU-1854,67,7.5,51.6,80.5,69,53.3,62.3,92.2,75.7
STU-1855,78.7,9.2,70.6,56.2,60.5,67.5,56.7,62.1,72.3
STU-1856,71.3,7.3,60.7,58.5,52.9,53,46.1,57.8,61.9
STU-1857,76.4,8.5,78.3,65.7,70.7,72,66.2,81.7,80.5
STU-1858,62.6,6.2,48.2,47.2,41,52.8,52.2,57.5,53.1
STU-1859,62.1,6.3,41.7,68.9,64.2,55.9,52.5,71.8,65.9
STU-1860,77.2,8.2,81.7,77.1,64.8,69.9,71.1,88.7,77.7
STU-1861,78.4,9.6,58.2,78.8,81,74.8,78.4,87.9,89.9
STU-1862,78,7.6,78.9,75.4,87.6,87.1,67.9,89.7,84.7
STU-1863,64.2,6.5,48.9,59.7,59.6,50.3,53.7,62,63.8
STU-1864,61.5,5.5,59.8,58.3,56.9,57.1,36.6,68.3,65
STU-1865,50,3.6,43.3,36.8,39.1,48.4,49.6,51.5,44.2
STU-1866,81.7,8.1,59.3,60.6,56.4,68.6,35,79.7,69.6
STU-1867,80.5,7.2,91.3,82.9,81.1,77,62.7,99.7,94.1
STU-1868,77.7,8.5,66.7,65.7,69.7,72.5,71.6,74,84.4
STU-1869,50,3.3,40,38.3,49.5,37.2,33.5,30,42
STU-1870,76.4,8.8,65.4,63.2,68.3,69,69.9,79,73.6
STU-1871,72.2,5.7,72.8,77.9,60.8,74.3,65.4,82.7,76.3
STU-1872,83.8,7.2,68.7,64.8,72.1,61.4,57.4,77.1,75.2
STU-1873,72.3,6.8,66.5,65.6,70.1,74.8,61.2,74.6,75
STU-1874,71.4,7.7,72.9,61.6,60.5,69.1,55.8,73.7,73.9
STU-1875,71.8,6.9,62.2,62.1,72.6,69.7,85.8,70.3,78
STU-1876,58.7,6.9,69.2,73.3,72.9,72.8,55,82.2,84
STU-1877,75.3,6.9,70.5,69.8,61.3,63.1,58.1,74.7,75.6
STU-1878,73.7,7.6,60.3,54.5,54.6,61.5,74.7,67,72.1
STU-1879,55.2,6.3,47.7,54.7,58,50.4,49.7,66.9,64.1
STU-1880,70.6,7.4,69.9,81.4,85.3,78.5,68.5,88.9,88.3
STU-1881,81.2,8.2,78.5,72.9,81,74.3,58.4,91.7,88.6
STU-1882,74.6,7.7,49.7,55.7,53.1,58.2,46.6,73.5,67.4
STU-1883,66,6.9,59,65.5,75.6,75.5,67.3,81.2,80.8
STU-1884,80.1,7.6,54.7,65.7,68.6,67.9,55.4,79.8,77.3
STU-1885,79.3,6.5,72.9,75.7,75.8,72.9,68.1,89.3,84.4
STU-1886,59.2,4.7,41.3,54.8,51.4,61.8,47.9,47.9,58.2
STU-1887,71,5.7,56.1,61.5,63.1,59.7,53.8,62.1,59.5
STU-1888,74.8,5.7,81.1,81.8,74.7,86,67.2,86.5,82.1
STU-1889,67.9,6.8,57.3,65.4,55.7,62.1,66.6,78.2,73.5
STU-1890,76.4,8.9,63.7,71.7,65.4,63.4,57.4,69.6,78.6
STU-1891,78.4,6.3,63.8,65.1,69.4,77.5,62.8,72.2,77.2
STU-1892,69.7,5.9,72.9,57.4,47.6,53.7,66.6,64,65.3
STU-1893,78,6.9,58,63.2,61.5,66.7,61.8,77.7,72.7
STU-1894,70,7.5,80.1,75.3,80.2,85.9,69,96,88.6
STU-1895,74.6,6.6,67.2,67.4,64.5,72.3,56.7,61.4,71.7
STU-1896,70.8,6.6,66.4,64,56,50.9,57.3,64.7,65.3
STU-1897,53.7,4.4,57.7,54.3,39.2,47.9,64.5,54.3,52.7
STU-1898,57.1,5.9,42.4,52.7,56,66.1,42.4,66.4,59.6
STU-1899,72.7,7.8,55.3,53.7,65.2,71.8,56.2,60.1,66.5
STU-1900,74.1,7.5,55.7,77.7,77.4,75.9,62.5,84,81.1
STU-1901,83.3,7.4,67.9,81.7,79.6,74.9,66.6,85,83.7
STU-1902,80.4,7.7,71.6,82.5,70.6,70.1,76.9,79,81.3
STU-1903,76.6,7.3,59.8,71.7,67.7,62.6,66.6,87.5,81
STU-1904,60.2,5.6,69.4,52,49.6,56.7,53.3,64.8,61.7
STU-1905,67.4,6.3,58.4,48.2,51.3,60.3,67.7,62.6,63.2
STU-1906,60.7,6.7,47.8,57.3,52.2,58.5,55.7,63.3,59.6
STU-1907,50.6,6,50.3,59.5,45.7,46.4,42.2,71.4,59.4
STU-1908,58.4,5.5,43,46.4,42.9,54.6,46.9,52.8,57.8
STU-1909,58.2,4.7,48.2,58,67.6,60.2,59,55.9,61
STU-1910,54.6,5,44.3,36.3,36.8,41.5,53.4,50.9,48.3
STU-1911,64.1,6.2,64.6,64.8,65.4,68.4,58,56.5,65.7
STU-1912,50,5.3,41.8,30,46.4,50.9,43.8,57.2,53.2
STU-1913,66.7,6.3,48.8,45.9,47.7,63,56.3,63.3,57.9
STU-1914,79.1,7.1,80.5,82.8,84.9,78.1,70,83.2,83.1
STU-1915,70.1,6.5,59.5,52.1,51.4,56.6,64.9,71.9,63.7
STU-1916,56.6,4.8,44.6,49.5,46.8,41.9,60.1,55.3,52.1
STU-1917,71.1,7.6,57,53.9,60.3,59.6,57.2,73.6,72.9
STU-1918,72.1,6.8,55.2,44.3,59.2,64.4,61.1,66.5,60.6
STU-1919,51.7,5.6,40,44.5,43,47.1,37.2,52.2,50.9
STU-1920,58.5,5.8,50.7,47.9,47.7,57.6,56.9,59.9,58.6
STU-1921,51.2,6.5,54.1,36.4,52.7,49.6,50.5,52.7,55.5
STU-1922,64.8,6.8,64.8,60.9,65.4,73.7,55.7,67.5,72.1
STU-1923,67.9,7,58,71.6,74.4,74.3,45.5,79.8,74.9
STU-1924,86.2,8.2,76.6,83.9,84,86,70.9,88.4,90.1
STU-1925,74.1,6.8,69.4,70.1,70.2,66.1,67.4,83.1,76.4
STU-1926,55,5.9,42,44.1,47.9,52.7,30,43.6,50.6
STU-1927,68.6,7,48.6,57.2,60,62,52.4,58.3,63.5
STU-1928,86.5,8.9,78.9,83.4,74.6,78,84.8,96.2,94.3
STU-1929,57.3,5.5,51.4,56.7,54.1,53,54.3,63.3,60.9
STU-1930,62.4,6.7,42.8,54.8,49.1,57,42,53.8,63.6
STU-1931,66.9,6.9,75.1,51.9,57.8,71.1,60.5,62.1,67.7
STU-1932,56.7,6.3,43.6,58.2,61.7,51.9,60.7,56.1,60
STU-1933,75.6,8.1,71.4,55.9,71.2,74.3,50.3,76.2,76.9
STU-1934,72.7,6.5,55.6,72.8,64.9,47.2,60.7,77.2,71.8
STU-1935,64.8,6.3,45.2,50.3,54.6,57.7,35,63.8,60.6
STU-1936,59.4,6.4,40,64.8,57.7,58.4,54.6,76.3,63.2
STU-1937,73.2,8,66.7,73.2,74.3,73.4,57.3,79.7,77.5
STU-1938,80.3,8.8,77.4,72.2,64.9,81.7,71.8,83.9,89.2
STU-1939,80.5,8.3,64.4,58.9,48.5,74.6,63,66.9,72.3
STU-1940,69.5,6.4,63.6,59.1,57.2,70.1,47.4,74.3,70.7
STU-1941,67.5,7.7,59.9,66.8,76.2,66.8,59,78.6,78.4
STU-1942,70.1,7,69.9,74.7,71,69.2,74.9,73.4,75.7
STU-1943,73.6,7.5,62.1,66.3,74.1,66.3,52.6,84.7,75.5
STU-1944,85.3,9.8,90,92.8,94.7,98.5,87.8,98,97.4
STU-1945,72.1,7.3,67.7,73,65.1,77.4,64.8,73.6,78.7
STU-1946,74,8.1,66.2,73.1,74.1,71.4,71,78,83.3
STU-1947,58.3,4.4,56,51.1,56.8,51.1,54.6,63.2,63.7
STU-1948,75.1,6.8,73.7,69.1,76.8,81.5,71,75.9,81.7
STU-1949,75.7,8.2,64.8,69.7,68,73.5,64,73.7,79.8
STU-1950,51.6,6.2,49.1,54,44.2,53.8,34.3,50.8,55
STU-1951,50.7,5.9,52.1,56.7,56.9,50.4,60.5,57.1,61.9
STU-1952,67.8,6.6,63.4,63.6,68.9,67,74.6,80,73.6
STU-1953,50,5.5,40,32.8,34,46.1,45.7,30,46.3
STU-1954,58.3,6,68,71,79.3,80.3,65.6,79.5,75.3
STU-1955,82.5,7,81.4,64.5,70.4,81,69.9,76.6,80.3
STU-1956,50.4,5.4,40,41.3,37.2,44.2,58.5,59.3,54.6
STU-1957,50,5.5,50.2,31.2,44.3,38.2,49.4,36.4,47.5
STU-1958,50,3.2,40,30,39,30,53.8,30,35
STU-1959,77.3,5.1,65.4,65.4,63.2,59.3,60.9,58.1,66.2
STU-1960,66.9,7.2,62.1,54.3,47.1,59.8,47.9,64.6,59.1
STU-1961,65.4,7.2,57.5,60.9,58.8,61.4,68.9,81.3,71
STU-1962,57.5,4.6,47.5,52.3,53.6,53.2,52.3,67.9,57.7
STU-1963,63.2,6.7,59.2,48.6,33.1,40.2,64.6,55.3,55.5
STU-1964,61.1,5.8,47.2,44,44.9,53.2,35.4,63.6,53.2
STU-1965,55.9,6.3,40,39.9,44,52.1,48.2,68,54.6
STU-1966,88.7,8.7,86.9,87.9,84.6,95.8,74.7,82.9,99.1
STU-1967,81.6,7.8,74.1,75,75.2,71.8,69.5,82.4,81.3
STU-1968,57.9,5.4,57.3,64.7,59.9,67.3,57.6,66.5,65.6
STU-1969,58.6,6.1,51.1,49.5,45.8,54.3,54.8,61.6,56.5
STU-1970,69.2,7.6,62.4,51.4,53.2,51,44.5,66.9,64.7
STU-1971,66.7,7.3,46.9,50.8,50.4,48.2,44.2,70.4,61.3
STU-1972,85.2,8.3,77.5,92.2,95.9,90.8,84.8,100,94.3
STU-1973,55,5.7,40,51.5,40.5,47.1,60,60.1,57.9
STU-1974,80.8,7.7,75.1,75.3,72.9,70.7,81.3,92.2,87.4
STU-1975,82.4,7.3,75.6,71.5,74.1,75.9,66.1,74.3,81.3
STU-1976,85.3,8.3,71.6,69.4,81.2,79.3,81.8,81.2,86.2
STU-1977,66.6,7,48.4,51.5,55.3,56.4,43.3,61.3,58.3
STU-1978,63.7,7.5,57.4,73.5,73.2,60.9,59.5,75.3,74.3
STU-1979,57.4,5.7,40.9,63.6,54.7,50.1,56.1,58.1,63.1
STU-1980,57.9,5.2,61.2,60.5,55.2,65.9,45.9,72.6,59.2
STU-1981,67.8,6.4,57.6,52.5,57.7,61.9,50.4,50.8,59.8
STU-1982,63.6,7.4,56,59,62.5,66.7,62.4,68,74
STU-1983,75,8,58.7,52.5,68.8,72.2,67.3,57.9,73.4
STU-1984,69.1,6.5,67.3,59.1,57.2,73,75.1,71.4,75.7
STU-1985,78.3,7.5,65.4,60.8,64.7,61.1,57.7,61.1,67.6
STU-1986,70.1,7,75.6,66.2,64,60.3,73.6,85.2,75.7
STU-1987,67.3,7.2,68.2,67.9,68.3,64.9,72.7,78.1,75.3
STU-1988,70.3,6.7,54.7,70.7,68.9,76.2,53.6,80.9,83.2
STU-1989,66.7,6.7,60.8,58.3,54.4,60.5,68.9,72.5,63.3
STU-1990,57.1,6,47.7,32.7,32.7,44,51.1,38.9,44.3
STU-1991,64.3,6.1,60.7,59.3,57.2,60.5,58.9,68.4,69.2
STU-1992,53.6,5.8,51.6,34.1,40,55.4,51.1,30.2,48.2
STU-1993,56.3,6.6,62.9,62.6,68.5,74.1,53.6,58.9,67.4
STU-1994,77.4,7.8,70.6,77.7,81,82.5,46.7,79.1,82.8
STU-1995,60.7,5.8,41,49.4,48.4,55.3,48,52.9,54.4
STU-1996,78.7,7.6,76.4,64.5,66.9,68.9,63.3,75.3,76.4
STU-1997,75.6,7.3,70.5,80.9,74.1,78.3,63.7,78.3,81.1
STU-1998,60.7,6.6,58.4,68.4,71,73.8,64.9,69.9,72.7
STU-1999,84.6,9,73.4,79.1,83.1,87.1,59.9,91.5,95.3
STU-2000,66.7,5.2,49.3,66.7,71.6,61.3,40.1,59.2,66.2